state,year,quarter,txn_type,txn_count,txn_amount_cr
TS,2020,1,P2P,95668911,32764.18
TS,2020,1,Merchant,76818285,3107.64
TS,2020,1,Bills,26324268,1232.43
TS,2020,1,Finance,88184,5.95
TS,2020,1,Others,509877,24.18
TN,2020,1,P2P,30880360,10190.77
TN,2020,1,Merchant,21541556,895.07
TN,2020,1,Bills,14134259,549.32
TN,2020,1,Finance,61427,4.14
TN,2020,1,Others,335871,17.66
WB,2020,1,P2P,28457404,8277.03
WB,2020,1,Merchant,19779392,809.79
WB,2020,1,Bills,17448908,555.08
WB,2020,1,Finance,210068,5.83
WB,2020,1,Others,354609,17.61
MH,2020,1,Merchant,100337738,3520.01
MH,2020,1,P2P,87067410,26254.12
MH,2020,1,Bills,50199498,2160.36
MH,2020,1,Finance,123476,9.14
MH,2020,1,Others,1215959,55.89
UP,2020,1,P2P,39581157,14773.47
UP,2020,1,Bills,29777603,1116.84
UP,2020,1,Merchant,26741638,1307.24
UP,2020,1,Finance,139990,6.44
UP,2020,1,Others,998744,37.66
BR,2020,1,P2P,23163922,9987.37
BR,2020,1,Bills,13837430,368.06
BR,2020,1,Merchant,7822567,556.27
BR,2020,1,Finance,57233,2.4
BR,2020,1,Others,200663,11.59
JH,2020,1,P2P,8196850,2987.5
JH,2020,1,Bills,5454093,135.85
JH,2020,1,Merchant,4499942,229.87
JH,2020,1,Finance,46483,3.15
JH,2020,1,Others,85345,4.74
OD,2020,1,P2P,27110930,8286.38
OD,2020,1,Merchant,13269709,573.82
OD,2020,1,Bills,13083524,325.36
OD,2020,1,Finance,84037,2.76
OD,2020,1,Others,134107,7.35
PB,2020,1,P2P,6339183,2635.0
PB,2020,1,Bills,4935115,276.74
PB,2020,1,Merchant,3838480,219.63
PB,2020,1,Finance,17924,1.1
PB,2020,1,Others,87082,4.94
GA,2020,1,P2P,817198,285.17
GA,2020,1,Bills,678079,24.47
GA,2020,1,Merchant,373110,29.84
GA,2020,1,Finance,1762,0.18
GA,2020,1,Others,11088,1.37
DL,2020,1,Merchant,33951545,1447.08
DL,2020,1,P2P,32410795,10898.76
DL,2020,1,Bills,12822919,949.88
DL,2020,1,Finance,46529,3.99
DL,2020,1,Others,2515816,61.95
RJ,2020,1,P2P,48269912,16546.86
RJ,2020,1,Merchant,27880848,1364.31
RJ,2020,1,Bills,25631131,1096.12
RJ,2020,1,Finance,72604,3.45
RJ,2020,1,Others,404317,20.1
GJ,2020,1,P2P,19068093,7239.37
GJ,2020,1,Bills,15648472,719.76
GJ,2020,1,Merchant,12191478,721.08
GJ,2020,1,Finance,50753,2.75
GJ,2020,1,Others,367621,16.55
KL,2020,1,P2P,6634439,2286.29
KL,2020,1,Bills,5507580,171.65
KL,2020,1,Merchant,3485036,181.03
KL,2020,1,Finance,38050,1.72
KL,2020,1,Others,68417,4.41
KA,2020,1,Merchant,132970737,4037.44
KA,2020,1,P2P,100868460,29763.53
KA,2020,1,Bills,35854971,1472.49
KA,2020,1,Finance,93648,11.01
KA,2020,1,Others,1246074,55.73
HR,2020,1,P2P,17728235,6836.72
HR,2020,1,Merchant,14327020,707.52
HR,2020,1,Bills,11346112,633.17
HR,2020,1,Finance,34488,2.53
HR,2020,1,Others,600232,17.68
TS,2020,2,P2P,76683293,27947.86
TS,2020,2,Merchant,44181999,2671.2
TS,2020,2,Bills,30885875,1510.69
TS,2020,2,Finance,116776,13.42
TS,2020,2,Others,187200,10.01
TN,2020,2,P2P,21700844,8234.76
TN,2020,2,Bills,18474731,641.48
TN,2020,2,Merchant,11477546,690.94
TN,2020,2,Finance,78584,8.92
TN,2020,2,Others,138405,6.55
WB,2020,2,P2P,24855687,8498.4
WB,2020,2,Bills,22220012,749.68
WB,2020,2,Merchant,10225729,740.42
WB,2020,2,Finance,130595,9.0
WB,2020,2,Others,244774,12.44
MH,2020,2,P2P,74295930,23993.33
MH,2020,2,Bills,60856480,2311.23
MH,2020,2,Merchant,48965388,3285.92
MH,2020,2,Finance,206461,21.17
MH,2020,2,Others,466502,24.29
UP,2020,2,Bills,42229417,1466.8
UP,2020,2,P2P,39434202,15007.95
UP,2020,2,Merchant,18625913,1365.52
UP,2020,2,Finance,150360,13.19
UP,2020,2,Others,412073,20.94
BR,2020,2,P2P,26572651,11624.44
BR,2020,2,Bills,19522564,564.23
BR,2020,2,Merchant,7011681,676.04
BR,2020,2,Finance,73119,5.41
BR,2020,2,Others,206727,10.54
JH,2020,2,P2P,8724053,3266.24
JH,2020,2,Bills,7538593,198.73
JH,2020,2,Merchant,3753633,266.24
JH,2020,2,Finance,56553,13.02
JH,2020,2,Others,68679,4.38
OD,2020,2,P2P,24520938,8099.01
OD,2020,2,Bills,17040333,455.11
OD,2020,2,Merchant,8313965,609.28
OD,2020,2,Finance,66787,5.03
OD,2020,2,Others,86553,4.88
PB,2020,2,Bills,6064807,308.98
PB,2020,2,P2P,5639212,2507.44
PB,2020,2,Merchant,2290868,205.89
PB,2020,2,Finance,23314,2.37
PB,2020,2,Others,63093,3.79
GA,2020,2,Bills,758617,24.12
GA,2020,2,P2P,493326,176.67
GA,2020,2,Merchant,221358,16.86
GA,2020,2,Finance,3081,0.33
GA,2020,2,Others,5710,0.38
DL,2020,2,P2P,27155938,8622.71
DL,2020,2,Merchant,24963931,1270.83
DL,2020,2,Bills,13568505,869.99
DL,2020,2,Finance,64790,7.54
DL,2020,2,Others,288854,16.27
RJ,2020,2,P2P,49160792,16617.64
RJ,2020,2,Bills,31681776,1301.41
RJ,2020,2,Merchant,20756594,1435.42
RJ,2020,2,Finance,92875,7.67
RJ,2020,2,Others,262619,14.2
GJ,2020,2,Bills,19971660,832.27
GJ,2020,2,P2P,17569398,6472.31
GJ,2020,2,Merchant,9645967,719.66
GJ,2020,2,Finance,59617,5.31
GJ,2020,2,Others,173543,9.23
KL,2020,2,Bills,7709714,245.24
KL,2020,2,P2P,5603046,2131.0
KL,2020,2,Merchant,2888260,207.57
KL,2020,2,Finance,40501,3.29
KL,2020,2,Others,46446,2.3
KA,2020,2,Merchant,87251639,3846.39
KA,2020,2,P2P,82118363,26576.72
KA,2020,2,Bills,43290272,1643.49
KA,2020,2,Finance,161560,24.64
KA,2020,2,Others,399878,19.25
HR,2020,2,P2P,17334369,6664.55
HR,2020,2,Bills,12740328,654.76
HR,2020,2,Merchant,11527654,739.34
HR,2020,2,Finance,48759,4.92
HR,2020,2,Others,129940,7.56
TS,2020,3,P2P,116668399,43745.92
TS,2020,3,Merchant,86836471,4974.32
TS,2020,3,Bills,32352860,1837.85
TS,2020,3,Finance,195857,22.34
TS,2020,3,Others,318539,15.69
TN,2020,3,P2P,31754077,12356.11
TN,2020,3,Merchant,20664887,1255.46
TN,2020,3,Bills,17521756,747.7
TN,2020,3,Finance,129671,15.85
TN,2020,3,Others,207434,9.03
WB,2020,3,P2P,37556349,13312.07
WB,2020,3,Bills,22284079,876.86
WB,2020,3,Merchant,19599024,1461.44
WB,2020,3,Finance,151996,12.6
WB,2020,3,Others,363056,18.37
MH,2020,3,P2P,108436214,35155.56
MH,2020,3,Merchant,100808237,6017.11
MH,2020,3,Bills,58082283,2791.57
MH,2020,3,Finance,325453,33.37
MH,2020,3,Others,658737,33.1
UP,2020,3,P2P,54449911,20753.09
UP,2020,3,Bills,37465163,1643.74
UP,2020,3,Merchant,34697942,2422.44
UP,2020,3,Finance,206210,19.41
UP,2020,3,Others,586033,30.31
BR,2020,3,P2P,37294332,15366.47
BR,2020,3,Bills,19027978,631.38
BR,2020,3,Merchant,14777337,1311.17
BR,2020,3,Finance,104135,8.14
BR,2020,3,Others,299966,15.73
JH,2020,3,P2P,11984094,4312.81
JH,2020,3,Merchant,7728846,516.36
JH,2020,3,Bills,7211293,221.77
JH,2020,3,Finance,56918,6.32
JH,2020,3,Others,87322,5.0
OD,2020,3,P2P,34182172,10706.47
OD,2020,3,Bills,17126851,501.57
OD,2020,3,Merchant,14519265,1024.25
OD,2020,3,Finance,90736,8.5
OD,2020,3,Others,114805,5.61
PB,2020,3,P2P,7354451,3247.74
PB,2020,3,Bills,5478668,406.68
PB,2020,3,Merchant,4261548,349.07
PB,2020,3,Finance,32390,4.21
PB,2020,3,Others,82516,4.62
GA,2020,3,P2P,759351,272.34
GA,2020,3,Bills,696770,28.02
GA,2020,3,Merchant,446880,35.32
GA,2020,3,Finance,4985,0.64
GA,2020,3,Others,7545,0.51
DL,2020,3,P2P,41498638,14007.4
DL,2020,3,Merchant,40973792,2185.82
DL,2020,3,Bills,13448341,1288.32
DL,2020,3,Finance,85689,11.43
DL,2020,3,Others,485401,23.42
RJ,2020,3,P2P,73247856,24900.67
RJ,2020,3,Merchant,45149210,2771.47
RJ,2020,3,Bills,30148875,1665.0
RJ,2020,3,Finance,146383,11.37
RJ,2020,3,Others,396352,19.32
GJ,2020,3,P2P,23130724,8914.21
GJ,2020,3,Merchant,18338969,1274.98
GJ,2020,3,Bills,17481357,982.07
GJ,2020,3,Finance,92278,8.47
GJ,2020,3,Others,246851,12.45
KL,2020,3,P2P,8590587,3334.68
KL,2020,3,Bills,7932950,268.84
KL,2020,3,Merchant,5065205,401.7
KL,2020,3,Finance,94130,7.68
KL,2020,3,Others,75808,3.52
KA,2020,3,Merchant,137206600,6076.99
KA,2020,3,P2P,119241776,39043.24
KA,2020,3,Bills,43139631,1891.11
KA,2020,3,Finance,251980,35.84
KA,2020,3,Others,520544,26.87
HR,2020,3,P2P,24123449,8879.64
HR,2020,3,Merchant,20845136,1214.16
HR,2020,3,Bills,12716319,845.28
HR,2020,3,Finance,66457,8.09
HR,2020,3,Others,186818,9.64
TS,2020,4,P2P,160607487,59197.66
TS,2020,4,Merchant,143897953,8172.6
TS,2020,4,Bills,38174710,2200.62
TS,2020,4,Finance,230134,27.54
TS,2020,4,Others,733503,36.63
TN,2020,4,P2P,47800741,17219.64
TN,2020,4,Merchant,41297305,2441.78
TN,2020,4,Bills,21563946,946.25
TN,2020,4,Finance,153044,18.68
TN,2020,4,Others,364665,20.97
WB,2020,4,P2P,46437233,16639.19
WB,2020,4,Merchant,30077510,2224.13
WB,2020,4,Bills,23158305,1007.46
WB,2020,4,Finance,178455,16.42
WB,2020,4,Others,489142,29.35
MH,2020,4,Merchant,189845640,10380.46
MH,2020,4,P2P,151741840,48574.79
MH,2020,4,Bills,64556682,3155.69
MH,2020,4,Finance,398409,41.84
MH,2020,4,Others,1078433,62.77
UP,2020,4,P2P,75433782,29440.12
UP,2020,4,Merchant,61922138,4443.88
UP,2020,4,Bills,39570153,1779.4
UP,2020,4,Finance,246868,25.58
UP,2020,4,Others,994576,53.91
BR,2020,4,P2P,49432098,20848.46
BR,2020,4,Merchant,26750991,2318.56
BR,2020,4,Bills,19908687,692.7
BR,2020,4,Finance,119416,10.08
BR,2020,4,Others,380481,20.77
JH,2020,4,P2P,17120664,6073.33
JH,2020,4,Merchant,14168381,934.77
JH,2020,4,Bills,7945996,258.28
JH,2020,4,Finance,60989,6.39
JH,2020,4,Others,135603,7.74
OD,2020,4,P2P,47588728,15320.87
OD,2020,4,Merchant,27124765,1934.75
OD,2020,4,Bills,17318073,553.22
OD,2020,4,Finance,106189,10.44
OD,2020,4,Others,187195,10.99
PB,2020,4,P2P,9609405,4328.69
PB,2020,4,Merchant,7144295,614.24
PB,2020,4,Bills,6072201,420.16
PB,2020,4,Finance,38820,5.17
PB,2020,4,Others,133204,9.29
GA,2020,4,P2P,1550251,540.76
GA,2020,4,Merchant,1389834,112.38
GA,2020,4,Bills,839199,34.51
GA,2020,4,Finance,7287,1.04
GA,2020,4,Others,14810,1.28
DL,2020,4,Merchant,54581166,3110.66
DL,2020,4,P2P,49631928,17154.61
DL,2020,4,Bills,14862946,1292.18
DL,2020,4,Finance,114862,16.0
DL,2020,4,Others,1349515,53.07
RJ,2020,4,P2P,88730951,32128.08
RJ,2020,4,Merchant,67367264,4614.25
RJ,2020,4,Bills,33455755,1812.39
RJ,2020,4,Finance,169294,13.61
RJ,2020,4,Others,560171,35.15
GJ,2020,4,P2P,29967258,11674.32
GJ,2020,4,Merchant,28430460,2084.43
GJ,2020,4,Bills,18943669,1044.2
GJ,2020,4,Finance,113371,12.01
GJ,2020,4,Others,373789,24.35
KL,2020,4,P2P,12941135,4568.64
KL,2020,4,Merchant,10990709,769.57
KL,2020,4,Bills,9167428,323.82
KL,2020,4,Finance,73833,6.92
KL,2020,4,Others,115082,6.58
KA,2020,4,Merchant,215711211,9714.72
KA,2020,4,P2P,166981242,53834.1
KA,2020,4,Bills,47736461,2161.17
KA,2020,4,Finance,284700,42.8
KA,2020,4,Others,823370,50.89
HR,2020,4,Merchant,34063692,2138.23
HR,2020,4,P2P,33920789,12861.39
HR,2020,4,Bills,14682896,967.55
HR,2020,4,Finance,84881,10.33
HR,2020,4,Others,419181,22.35
TS,2021,1,Merchant,185230619,9592.73
TS,2021,1,P2P,179738195,67627.64
TS,2021,1,Bills,46371555,2644.76
TS,2021,1,Finance,262473,32.02
TS,2021,1,Others,969268,38.79
TN,2021,1,P2P,57446279,20640.52
TN,2021,1,Merchant,53811885,3072.28
TN,2021,1,Bills,24826273,1111.59
TN,2021,1,Finance,170620,21.53
TN,2021,1,Others,301617,20.89
WB,2021,1,P2P,53869075,20224.02
WB,2021,1,Merchant,37143701,2891.83
WB,2021,1,Bills,26673733,1133.97
WB,2021,1,Finance,166727,17.54
WB,2021,1,Others,400816,26.35
MH,2021,1,Merchant,253043309,12949.3
MH,2021,1,P2P,187021609,59921.33
MH,2021,1,Bills,76389103,4005.72
MH,2021,1,Finance,439551,49.29
MH,2021,1,Others,966668,63.09
UP,2021,1,P2P,85539321,32160.96
UP,2021,1,Merchant,78873969,5536.22
UP,2021,1,Bills,38981894,1856.32
UP,2021,1,Finance,250656,26.61
UP,2021,1,Others,853707,48.64
BR,2021,1,P2P,58566582,24201.33
BR,2021,1,Merchant,33959313,3017.11
BR,2021,1,Bills,21974086,850.55
BR,2021,1,Finance,124277,11.29
BR,2021,1,Others,308219,17.08
JH,2021,1,P2P,19151083,6919.82
JH,2021,1,Merchant,17489113,1154.56
JH,2021,1,Bills,7826608,288.84
JH,2021,1,Finance,50526,5.48
JH,2021,1,Others,104333,6.23
OD,2021,1,P2P,54417515,18145.04
OD,2021,1,Merchant,38180718,2520.19
OD,2021,1,Bills,18633830,655.26
OD,2021,1,Finance,87263,9.51
OD,2021,1,Others,141032,9.77
PB,2021,1,P2P,10951083,4690.86
PB,2021,1,Merchant,9333364,765.1
PB,2021,1,Bills,6332928,398.09
PB,2021,1,Finance,43094,5.2
PB,2021,1,Others,110366,9.84
GA,2021,1,P2P,2235456,755.34
GA,2021,1,Merchant,2195509,176.84
GA,2021,1,Bills,880682,41.06
GA,2021,1,Finance,8138,1.22
GA,2021,1,Others,11764,1.27
DL,2021,1,Merchant,72615587,3986.15
DL,2021,1,P2P,61957428,21082.36
DL,2021,1,Bills,21164274,1544.74
DL,2021,1,Finance,153039,20.31
DL,2021,1,Others,1468676,59.27
RJ,2021,1,P2P,116733195,40819.04
RJ,2021,1,Merchant,96394132,6193.65
RJ,2021,1,Bills,38919519,2085.55
RJ,2021,1,Finance,192936,16.26
RJ,2021,1,Others,491137,34.77
GJ,2021,1,P2P,36427493,14481.9
GJ,2021,1,Merchant,35815382,2651.26
GJ,2021,1,Bills,22088838,1199.61
GJ,2021,1,Finance,126380,13.76
GJ,2021,1,Others,316472,23.54
KL,2021,1,P2P,16209203,5533.68
KL,2021,1,Merchant,16105923,1005.84
KL,2021,1,Bills,9837385,373.25
KL,2021,1,Finance,68012,6.97
KL,2021,1,Others,95819,6.35
KA,2021,1,Merchant,279599017,11795.97
KA,2021,1,P2P,190894164,61093.7
KA,2021,1,Bills,52261651,2511.17
KA,2021,1,Finance,297710,47.58
KA,2021,1,Others,744950,51.11
HR,2021,1,Merchant,39363588,2338.91
HR,2021,1,P2P,36764622,13597.06
HR,2021,1,Bills,13680353,926.03
HR,2021,1,Finance,79784,9.97
HR,2021,1,Others,364437,21.85
TS,2021,2,P2P,230861833,87215.2
TS,2021,2,Merchant,205232899,12320.78
TS,2021,2,Bills,58637866,3187.73
TS,2021,2,Finance,278546,30.06
TS,2021,2,Others,856400,42.07
TN,2021,2,P2P,60812902,21637.9
TN,2021,2,Merchant,52048347,3350.48
TN,2021,2,Bills,32753032,1315.53
TN,2021,2,Finance,192614,22.51
TN,2021,2,Others,351547,22.31
WB,2021,2,P2P,64661051,23081.23
WB,2021,2,Merchant,41696787,3478.79
WB,2021,2,Bills,34799709,1333.15
WB,2021,2,Finance,190537,18.65
WB,2021,2,Others,549353,31.67
MH,2021,2,Merchant,247194293,15086.45
MH,2021,2,P2P,228551961,71985.97
MH,2021,2,Bills,96271138,4315.44
MH,2021,2,Finance,504252,53.68
MH,2021,2,Others,1094842,69.97
UP,2021,2,P2P,102927942,38876.18
UP,2021,2,Merchant,84860582,7035.14
UP,2021,2,Bills,53030710,2226.69
UP,2021,2,Finance,270944,26.69
UP,2021,2,Others,858953,52.55
BR,2021,2,P2P,78694099,31975.87
BR,2021,2,Merchant,44686786,4345.89
BR,2021,2,Bills,31646149,1103.08
BR,2021,2,Finance,149791,11.61
BR,2021,2,Others,426797,21.57
JH,2021,2,P2P,24184568,8603.71
JH,2021,2,Merchant,19041292,1473.15
JH,2021,2,Bills,10583445,353.1
JH,2021,2,Finance,54379,5.8
JH,2021,2,Others,138461,7.51
OD,2021,2,P2P,66929109,20840.59
OD,2021,2,Merchant,39402607,2920.88
OD,2021,2,Bills,25183699,802.43
OD,2021,2,Finance,102474,10.28
OD,2021,2,Others,206448,12.23
PB,2021,2,P2P,13180933,5528.25
PB,2021,2,Merchant,11225598,971.05
PB,2021,2,Bills,7591039,437.08
PB,2021,2,Finance,46218,5.33
PB,2021,2,Others,127460,11.4
GA,2021,2,Merchant,1869384,141.15
GA,2021,2,P2P,1866837,619.5
GA,2021,2,Bills,953219,38.38
GA,2021,2,Finance,8303,1.24
GA,2021,2,Others,12392,1.01
DL,2021,2,Merchant,75620295,4293.34
DL,2021,2,P2P,68497718,22303.5
DL,2021,2,Bills,25026678,1531.01
DL,2021,2,Finance,158170,19.0
DL,2021,2,Others,854403,47.27
RJ,2021,2,P2P,139277445,46778.41
RJ,2021,2,Merchant,97860493,6992.29
RJ,2021,2,Bills,49501703,2338.71
RJ,2021,2,Finance,216441,18.66
RJ,2021,2,Others,620957,42.2
GJ,2021,2,Merchant,42593432,3354.23
GJ,2021,2,P2P,41642387,16248.36
GJ,2021,2,Bills,27127405,1375.08
GJ,2021,2,Finance,128647,13.61
GJ,2021,2,Others,349525,24.93
KL,2021,2,P2P,17026648,5815.26
KL,2021,2,Merchant,16135060,1126.32
KL,2021,2,Bills,13809151,464.55
KL,2021,2,Finance,88830,8.84
KL,2021,2,Others,131344,7.71
KA,2021,2,Merchant,244460862,12462.44
KA,2021,2,P2P,216539959,68403.57
KA,2021,2,Bills,68599238,2827.23
KA,2021,2,Finance,304779,45.69
KA,2021,2,Others,744208,49.77
HR,2021,2,Merchant,45335533,2911.91
HR,2021,2,P2P,44086559,16107.37
HR,2021,2,Bills,15861047,983.95
HR,2021,2,Finance,85821,9.72
HR,2021,2,Others,311896,22.79
TS,2021,3,Merchant,286735350,15922.73
TS,2021,3,P2P,271436926,98175.47
TS,2021,3,Bills,62744121,3643.49
TS,2021,3,Finance,235519,32.91
TS,2021,3,Others,1734852,54.31
TN,2021,3,Merchant,85074941,5293.22
TN,2021,3,P2P,83833356,29612.11
TN,2021,3,Bills,34751691,1561.33
TN,2021,3,Finance,182097,24.61
TN,2021,3,Others,515319,29.46
WB,2021,3,P2P,84353949,29479.97
WB,2021,3,Merchant,58800005,5097.12
WB,2021,3,Bills,37556310,1604.58
WB,2021,3,Finance,189087,21.34
WB,2021,3,Others,813637,42.7
MH,2021,3,Merchant,390051884,21670.2
MH,2021,3,P2P,296951706,89086.09
MH,2021,3,Bills,103943973,5024.2
MH,2021,3,Finance,448646,57.91
MH,2021,3,Others,1477851,87.33
UP,2021,3,P2P,127945827,44072.69
UP,2021,3,Merchant,126699830,9108.9
UP,2021,3,Bills,50414232,2434.82
UP,2021,3,Finance,253418,29.2
UP,2021,3,Others,1230077,62.47
BR,2021,3,P2P,92785704,33151.41
BR,2021,3,Merchant,64094961,5384.97
BR,2021,3,Bills,30081746,1132.73
BR,2021,3,Finance,135748,13.03
BR,2021,3,Others,572954,24.13
JH,2021,3,P2P,30113326,9774.26
JH,2021,3,Merchant,29687162,1995.46
JH,2021,3,Bills,10742405,402.91
JH,2021,3,Finance,51289,6.5
JH,2021,3,Others,201520,9.97
OD,2021,3,P2P,85728576,25115.09
OD,2021,3,Merchant,64268830,4331.63
OD,2021,3,Bills,26943670,902.57
OD,2021,3,Finance,97213,11.24
OD,2021,3,Others,324385,17.55
PB,2021,3,P2P,17024782,6614.99
PB,2021,3,Merchant,16837685,1410.37
PB,2021,3,Bills,8465739,554.03
PB,2021,3,Finance,43789,6.36
PB,2021,3,Others,161494,13.51
GA,2021,3,Merchant,2865625,214.31
GA,2021,3,P2P,2560305,787.11
GA,2021,3,Bills,1017351,43.88
GA,2021,3,Finance,8337,1.29
GA,2021,3,Others,16145,1.24
DL,2021,3,Merchant,115250887,6400.69
DL,2021,3,P2P,93292876,29800.55
DL,2021,3,Bills,28427032,2093.47
DL,2021,3,Finance,144460,22.07
DL,2021,3,Others,1645353,69.05
RJ,2021,3,P2P,181742972,57591.28
RJ,2021,3,Merchant,167819345,10554.83
RJ,2021,3,Bills,49709657,2833.55
RJ,2021,3,Finance,197211,19.04
RJ,2021,3,Others,815568,52.43
GJ,2021,3,Merchant,62934471,4819.76
GJ,2021,3,P2P,56134212,20801.33
GJ,2021,3,Bills,29580901,1594.6
GJ,2021,3,Finance,125167,16.33
GJ,2021,3,Others,473656,30.44
KL,2021,3,Merchant,25402350,1787.77
KL,2021,3,P2P,23378091,7859.85
KL,2021,3,Bills,13979407,500.84
KL,2021,3,Finance,85730,10.15
KL,2021,3,Others,182688,10.01
KA,2021,3,Merchant,391381353,19056.34
KA,2021,3,P2P,288462867,90813.86
KA,2021,3,Bills,72168311,3338.67
KA,2021,3,Finance,286685,50.81
KA,2021,3,Others,997323,63.79
HR,2021,3,Merchant,66885213,4019.09
HR,2021,3,P2P,55929958,18854.87
HR,2021,3,Bills,17087955,1168.15
HR,2021,3,Finance,77496,11.66
HR,2021,3,Others,479071,28.94
TS,2021,4,Merchant,376584215,21297.48
TS,2021,4,P2P,331774591,120499.12
TS,2021,4,Bills,66477036,4476.04
TS,2021,4,Finance,298871,39.21
TS,2021,4,Others,855060,63.97
TN,2021,4,Merchant,117578360,7053.91
TN,2021,4,P2P,104493071,35352.94
TN,2021,4,Bills,36163870,1897.92
TN,2021,4,Finance,228761,27.59
TN,2021,4,Others,691914,40.04
WB,2021,4,P2P,105728377,37224.09
WB,2021,4,Merchant,80248673,7123.16
WB,2021,4,Bills,37801439,1781.39
WB,2021,4,Finance,252535,27.08
WB,2021,4,Others,998536,66.09
MH,2021,4,Merchant,540351277,30551.23
MH,2021,4,P2P,361865450,110986.25
MH,2021,4,Bills,105990417,5808.8
MH,2021,4,Finance,606265,70.71
MH,2021,4,Others,1918093,118.87
UP,2021,4,Merchant,183966052,14288.93
UP,2021,4,P2P,167503176,60097.36
UP,2021,4,Bills,52863531,2881.25
UP,2021,4,Finance,353219,38.64
UP,2021,4,Others,1471954,82.92
BR,2021,4,P2P,117340712,42366.51
BR,2021,4,Merchant,95992559,8172.91
BR,2021,4,Bills,30824177,1343.86
BR,2021,4,Finance,186298,17.34
BR,2021,4,Others,783199,36.54
JH,2021,4,Merchant,45007900,3039.71
JH,2021,4,P2P,39476282,13046.17
JH,2021,4,Bills,11173974,492.05
JH,2021,4,Finance,72802,8.29
JH,2021,4,Others,278084,15.49
OD,2021,4,P2P,107560893,31070.41
OD,2021,4,Merchant,99512650,6338.39
OD,2021,4,Bills,26302130,1072.88
OD,2021,4,Finance,133004,14.75
OD,2021,4,Others,416689,28.67
PB,2021,4,Merchant,22669743,2075.37
PB,2021,4,P2P,20663881,8361.14
PB,2021,4,Bills,8765579,610.75
PB,2021,4,Finance,58581,8.64
PB,2021,4,Others,201576,15.12
GA,2021,4,Merchant,5474662,438.43
GA,2021,4,P2P,4408822,1361.84
GA,2021,4,Bills,1170180,58.57
GA,2021,4,Finance,11320,1.71
GA,2021,4,Others,23775,2.18
DL,2021,4,Merchant,149204611,8899.05
DL,2021,4,P2P,112380292,37655.7
DL,2021,4,Bills,30127352,2229.02
DL,2021,4,Finance,199280,28.8
DL,2021,4,Others,771824,56.97
RJ,2021,4,Merchant,221774624,15196.8
RJ,2021,4,P2P,212937264,71821.53
RJ,2021,4,Bills,51610607,3283.12
RJ,2021,4,Finance,265091,26.32
RJ,2021,4,Others,1034011,65.68
GJ,2021,4,Merchant,84846502,6871.79
GJ,2021,4,P2P,67301686,25433.87
GJ,2021,4,Bills,30072479,1873.9
GJ,2021,4,Finance,175393,20.92
GJ,2021,4,Others,591265,37.77
KL,2021,4,Merchant,38574904,2458.95
KL,2021,4,P2P,29075528,9277.45
KL,2021,4,Bills,13781815,568.94
KL,2021,4,Finance,108232,12.82
KL,2021,4,Others,283262,16.06
KA,2021,4,Merchant,503210623,24375.45
KA,2021,4,P2P,350032663,109095.16
KA,2021,4,Bills,76826701,3929.44
KA,2021,4,Finance,365769,57.42
KA,2021,4,Others,1289682,89.66
HR,2021,4,Merchant,84993587,5632.51
HR,2021,4,P2P,66548306,23863.9
HR,2021,4,Bills,17632752,1381.73
HR,2021,4,Finance,105050,15.14
HR,2021,4,Others,407280,30.78
TS,2022,1,Merchant,449186799,24384.19
TS,2022,1,P2P,368048408,137528.96
TS,2022,1,Bills,66352138,5047.05
TS,2022,1,Finance,284035,39.43
TS,2022,1,Others,2582005,64.2
TN,2022,1,Merchant,139788772,8179.82
TN,2022,1,P2P,119383791,40963.17
TN,2022,1,Bills,34579431,2070.51
TN,2022,1,Finance,241201,29.82
TN,2022,1,Others,579955,35.6
WB,2022,1,P2P,124787028,44634.37
WB,2022,1,Merchant,97315025,8585.47
WB,2022,1,Bills,37317865,1843.54
WB,2022,1,Finance,239530,26.11
WB,2022,1,Others,845644,53.17
MH,2022,1,Merchant,646277671,34024.05
MH,2022,1,P2P,411989717,127488.92
MH,2022,1,Bills,108896881,6450.79
MH,2022,1,Finance,583243,67.76
MH,2022,1,Others,1758926,108.41
UP,2022,1,Merchant,221556930,16554.39
UP,2022,1,P2P,195592648,68475.89
UP,2022,1,Bills,54873261,3168.38
UP,2022,1,Finance,358499,38.62
UP,2022,1,Others,1571908,75.03
BR,2022,1,P2P,138085265,50002.48
BR,2022,1,Merchant,114892163,9550.77
BR,2022,1,Bills,30545266,1543.16
BR,2022,1,Finance,169722,14.81
BR,2022,1,Others,698018,29.95
JH,2022,1,Merchant,53218047,3540.47
JH,2022,1,P2P,45881799,15332.73
JH,2022,1,Bills,11502811,576.59
JH,2022,1,Finance,67502,7.21
JH,2022,1,Others,241051,13.02
OD,2022,1,P2P,118999900,36444.75
OD,2022,1,Merchant,118108271,7430.21
OD,2022,1,Bills,26083549,1213.32
OD,2022,1,Finance,102802,11.89
OD,2022,1,Others,338977,22.57
PB,2022,1,Merchant,25979197,2321.75
PB,2022,1,P2P,22354946,8864.52
PB,2022,1,Bills,9188439,631.79
PB,2022,1,Finance,57561,8.39
PB,2022,1,Others,178159,12.54
GA,2022,1,Merchant,6364271,468.2
GA,2022,1,P2P,4640380,1444.98
GA,2022,1,Bills,1177071,64.64
GA,2022,1,Finance,11677,1.75
GA,2022,1,Others,20699,2.07
DL,2022,1,Merchant,174454937,9821.24
DL,2022,1,P2P,125111881,41530.5
DL,2022,1,Bills,29435981,2248.29
DL,2022,1,Finance,195184,27.1
DL,2022,1,Others,1801878,69.36
RJ,2022,1,Merchant,267467038,17118.21
RJ,2022,1,P2P,241739380,81452.54
RJ,2022,1,Bills,54555117,3554.29
RJ,2022,1,Finance,244029,24.33
RJ,2022,1,Others,956656,55.64
GJ,2022,1,Merchant,101648378,7956.34
GJ,2022,1,P2P,77768758,29243.93
GJ,2022,1,Bills,30473298,2004.21
GJ,2022,1,Finance,160423,18.71
GJ,2022,1,Others,496289,31.63
KL,2022,1,Merchant,47778743,2868.54
KL,2022,1,P2P,33089518,10462.33
KL,2022,1,Bills,14042317,637.36
KL,2022,1,Finance,134370,15.89
KL,2022,1,Others,236017,14.78
KA,2022,1,Merchant,588543313,27810.97
KA,2022,1,P2P,389491586,124319.93
KA,2022,1,Bills,78206453,4389.13
KA,2022,1,Finance,384922,62.49
KA,2022,1,Others,1229133,82.43
HR,2022,1,Merchant,98346418,6256.57
HR,2022,1,P2P,74499889,26354.72
HR,2022,1,Bills,18494827,1476.54
HR,2022,1,Finance,107240,14.66
HR,2022,1,Others,540235,27.91
TS,2022,2,Merchant,565370506,30746.84
TS,2022,2,P2P,422056582,158001.41
TS,2022,2,Bills,75099130,6313.68
TS,2022,2,Finance,245023,32.49
TS,2022,2,Others,611316,47.04
TN,2022,2,Merchant,179245529,10081.31
TN,2022,2,P2P,136341691,46433.31
TN,2022,2,Bills,38257271,2447.77
TN,2022,2,Finance,202498,23.31
TN,2022,2,Others,459948,27.78
WB,2022,2,P2P,145395450,52019.07
WB,2022,2,Merchant,126682135,10704.9
WB,2022,2,Bills,42712193,2069.73
WB,2022,2,Finance,191724,19.98
WB,2022,2,Others,760639,43.84
MH,2022,2,Merchant,810961772,42846.93
MH,2022,2,P2P,470258043,150120.2
MH,2022,2,Bills,124280427,7511.1
MH,2022,2,Finance,490152,55.93
MH,2022,2,Others,1542719,93.08
UP,2022,2,Merchant,298721048,21617.63
UP,2022,2,P2P,232444860,81257.92
UP,2022,2,Bills,62659780,3786.8
UP,2022,2,Finance,268349,28.56
UP,2022,2,Others,1204739,60.61
BR,2022,2,P2P,164119431,61044.86
BR,2022,2,Merchant,158289353,12642.34
BR,2022,2,Bills,36950622,1722.57
BR,2022,2,Finance,124199,11.62
BR,2022,2,Others,661424,24.75
JH,2022,2,Merchant,67435024,4414.99
JH,2022,2,P2P,52086790,17520.89
JH,2022,2,Bills,13145888,611.96
JH,2022,2,Finance,50361,5.33
JH,2022,2,Others,207212,10.45
OD,2022,2,Merchant,148544714,9036.94
OD,2022,2,P2P,134717859,40579.37
OD,2022,2,Bills,29843263,1360.26
OD,2022,2,Finance,88649,9.51
OD,2022,2,Others,257113,17.43
PB,2022,2,Merchant,35941880,2858.57
PB,2022,2,P2P,25952349,10093.81
PB,2022,2,Bills,10161030,765.25
PB,2022,2,Finance,50483,5.72
PB,2022,2,Others,167081,11.19
GA,2022,2,Merchant,7812998,573.62
GA,2022,2,P2P,5097942,1637.23
GA,2022,2,Bills,1279377,73.88
GA,2022,2,Finance,10666,1.32
GA,2022,2,Others,15071,1.25
DL,2022,2,Merchant,233412802,12165.77
DL,2022,2,P2P,143447534,48068.59
DL,2022,2,Bills,32971294,2687.61
DL,2022,2,Finance,160827,20.94
DL,2022,2,Others,641727,42.66
RJ,2022,2,Merchant,336900860,20823.89
RJ,2022,2,P2P,263380560,90564.1
RJ,2022,2,Bills,59879660,3832.57
RJ,2022,2,Finance,170705,17.54
RJ,2022,2,Others,838365,45.25
GJ,2022,2,Merchant,131610193,9558.56
GJ,2022,2,P2P,86423696,32694.58
GJ,2022,2,Bills,33424931,2384.49
GJ,2022,2,Finance,125180,14.27
GJ,2022,2,Others,468796,27.9
KL,2022,2,Merchant,55730158,3439.5
KL,2022,2,P2P,35630060,11281.37
KL,2022,2,Bills,14701207,723.05
KL,2022,2,Finance,110336,13.34
KL,2022,2,Others,193561,12.37
KA,2022,2,Merchant,735295388,35801.63
KA,2022,2,P2P,449723751,145733.03
KA,2022,2,Bills,91137091,5058.38
KA,2022,2,Finance,351688,54.53
KA,2022,2,Others,941042,67.04
HR,2022,2,Merchant,130033573,7692.63
HR,2022,2,P2P,84219451,30050.48
HR,2022,2,Bills,20011709,1745.73
HR,2022,2,Finance,89805,12.06
HR,2022,2,Others,345424,22.49
TS,2022,3,Merchant,880414292,44715.06
TS,2022,3,P2P,626830752,217017.33
TS,2022,3,Bills,119779835,8793.72
TS,2022,3,Finance,340458,44.28
TS,2022,3,Others,800064,62.19
TN,2022,3,Merchant,202149276,10980.1
TN,2022,3,P2P,148805657,49388.05
TN,2022,3,Bills,41919063,2769.42
TN,2022,3,Finance,217741,23.81
TN,2022,3,Others,404438,26.54
WB,2022,3,P2P,163523844,55625.81
WB,2022,3,Merchant,145181044,12357.71
WB,2022,3,Bills,47208496,2422.14
WB,2022,3,Finance,238746,24.13
WB,2022,3,Others,640258,45.19
MH,2022,3,Merchant,876618082,43225.07
MH,2022,3,P2P,483481713,143456.55
MH,2022,3,Bills,124545840,7936.02
MH,2022,3,Finance,521362,57.16
MH,2022,3,Others,1222420,83.12
UP,2022,3,Merchant,361972506,23200.59
UP,2022,3,P2P,267205027,84456.43
UP,2022,3,Bills,72984811,4385.41
UP,2022,3,Finance,367887,34.43
UP,2022,3,Others,1058841,60.14
BR,2022,3,Merchant,198273336,13787.36
BR,2022,3,P2P,192304951,63274.72
BR,2022,3,Bills,46044353,2041.78
BR,2022,3,Finance,179533,16.2
BR,2022,3,Others,565212,24.59
JH,2022,3,Merchant,74816586,4585.09
JH,2022,3,P2P,57285937,17654.95
JH,2022,3,Bills,14462031,683.9
JH,2022,3,Finance,68467,6.9
JH,2022,3,Others,182311,10.45
OD,2022,3,Merchant,188143417,10288.96
OD,2022,3,P2P,161912635,44443.94
OD,2022,3,Bills,36270166,1691.67
OD,2022,3,Finance,113961,11.4
OD,2022,3,Others,247147,18.59
PB,2022,3,Merchant,43089589,3237.09
PB,2022,3,P2P,29862592,10765.34
PB,2022,3,Bills,11017816,911.96
PB,2022,3,Finance,57979,6.82
PB,2022,3,Others,149921,10.73
GA,2022,3,Merchant,7595135,511.22
GA,2022,3,P2P,4449008,1378.1
GA,2022,3,Bills,1122869,65.71
GA,2022,3,Finance,9992,1.27
GA,2022,3,Others,11683,1.14
DL,2022,3,Merchant,276635347,13429.27
DL,2022,3,P2P,160580425,50942.86
DL,2022,3,Bills,37572389,3317.71
DL,2022,3,Finance,195218,26.55
DL,2022,3,Others,608782,44.87
RJ,2022,3,Merchant,398104319,23060.97
RJ,2022,3,P2P,299383118,96120.94
RJ,2022,3,Bills,69118763,4600.04
RJ,2022,3,Finance,215235,22.03
RJ,2022,3,Others,719925,44.95
GJ,2022,3,Merchant,161264265,10901.88
GJ,2022,3,P2P,103034790,35933.8
GJ,2022,3,Bills,38383683,2864.9
GJ,2022,3,Finance,152053,16.22
GJ,2022,3,Others,404941,26.95
KL,2022,3,Merchant,64984061,3785.28
KL,2022,3,P2P,38774832,11641.4
KL,2022,3,Bills,15289755,770.92
KL,2022,3,Finance,146673,16.29
KL,2022,3,Others,167583,12.16
KA,2022,3,Merchant,704609552,33360.64
KA,2022,3,P2P,404084880,128260.42
KA,2022,3,Bills,79979546,4853.9
KA,2022,3,Finance,361312,55.81
KA,2022,3,Others,726038,61.05
HR,2022,3,Merchant,151278013,8706.37
HR,2022,3,P2P,95071203,31937.46
HR,2022,3,Bills,22592966,2124.8
HR,2022,3,Finance,111032,14.49
HR,2022,3,Others,308596,22.33
TS,2022,4,Merchant,1002521735,49155.6
TS,2022,4,P2P,694612831,239338.04
TS,2022,4,Bills,121188131,9213.68
TS,2022,4,Finance,401838,49.87
TS,2022,4,Others,782297,68.07
TN,2022,4,Merchant,229308285,11884.8
TN,2022,4,P2P,162920305,52651.14
TN,2022,4,Bills,43391904,2971.94
TN,2022,4,Finance,295740,33.48
TN,2022,4,Others,400402,27.6
WB,2022,4,P2P,184380244,62022.22
WB,2022,4,Merchant,171667404,14080.77
WB,2022,4,Bills,48921147,2602.66
WB,2022,4,Finance,268388,26.11
WB,2022,4,Others,610414,45.79
MH,2022,4,Merchant,1025666187,50266.09
MH,2022,4,P2P,535142126,162261.93
MH,2022,4,Bills,126118544,8357.64
MH,2022,4,Finance,620124,69.93
MH,2022,4,Others,1228291,91.5
UP,2022,4,Merchant,439247166,29678.2
UP,2022,4,P2P,317613698,103034.56
UP,2022,4,Bills,78025017,4815.91
UP,2022,4,Finance,418329,43.02
UP,2022,4,Others,1064861,66.2
BR,2022,4,Merchant,243777692,17292.42
BR,2022,4,P2P,225487662,73987.02
BR,2022,4,Bills,47054083,2272.96
BR,2022,4,Finance,205989,19.92
BR,2022,4,Others,559223,28.9
JH,2022,4,Merchant,91863987,5717.37
JH,2022,4,P2P,68045210,21295.37
JH,2022,4,Bills,15110623,762.54
JH,2022,4,Finance,81074,8.93
JH,2022,4,Others,199198,12.98
OD,2022,4,Merchant,222167575,12147.08
OD,2022,4,P2P,186438654,51212.46
OD,2022,4,Bills,36735289,1826.62
OD,2022,4,Finance,132033,14.97
OD,2022,4,Others,241192,20.57
PB,2022,4,Merchant,48358802,3816.25
PB,2022,4,P2P,32377106,12051.28
PB,2022,4,Bills,10895208,924.84
PB,2022,4,Finance,62809,7.22
PB,2022,4,Others,141255,11.16
GA,2022,4,Merchant,10319138,673.92
GA,2022,4,P2P,5652373,1742.2
GA,2022,4,Bills,1195865,73.41
GA,2022,4,Finance,12147,1.57
GA,2022,4,Others,13151,1.4
DL,2022,4,Merchant,305621913,15311.48
DL,2022,4,P2P,171970100,55906.94
DL,2022,4,Bills,36775874,3195.43
DL,2022,4,Finance,228639,29.95
DL,2022,4,Others,606931,47.71
RJ,2022,4,Merchant,457778005,27519.5
RJ,2022,4,P2P,334316758,113038.07
RJ,2022,4,Bills,72510470,5061.0
RJ,2022,4,Finance,244442,27.07
RJ,2022,4,Others,725173,50.04
GJ,2022,4,Merchant,186533503,12558.52
GJ,2022,4,P2P,114868478,41105.34
GJ,2022,4,Bills,39167297,3078.99
GJ,2022,4,Finance,179101,19.43
GJ,2022,4,Others,407639,29.55
KL,2022,4,Merchant,74647115,4060.79
KL,2022,4,P2P,42471676,12456.47
KL,2022,4,Bills,15520670,807.57
KL,2022,4,Finance,164334,19.13
KL,2022,4,Others,156673,12.02
KA,2022,4,Merchant,830157371,38064.38
KA,2022,4,P2P,460041715,146808.75
KA,2022,4,Bills,87517348,5444.59
KA,2022,4,Finance,426795,65.02
KA,2022,4,Others,767142,68.91
HR,2022,4,Merchant,169685872,10291.82
HR,2022,4,P2P,102993798,36451.42
HR,2022,4,Bills,23545059,2266.61
HR,2022,4,Finance,118488,15.25
HR,2022,4,Others,305148,23.97
TS,2023,1,Merchant,830385203,36996.17
TS,2023,1,P2P,522865792,189881.36
TS,2023,1,Bills,86187673,10278.73
TS,2023,1,Finance,326874,45.88
TS,2023,1,Others,565916,56.02
TN,2023,1,Merchant,248540772,12425.03
TN,2023,1,P2P,169269032,55467.84
TN,2023,1,Bills,42745926,3606.92
TN,2023,1,Finance,281287,30.39
TN,2023,1,Others,375370,28.19
WB,2023,1,P2P,209399898,71203.93
WB,2023,1,Merchant,196695397,15252.9
WB,2023,1,Bills,52273240,3158.01
WB,2023,1,Finance,287719,26.69
WB,2023,1,Others,622090,46.79
MH,2023,1,Merchant,1134579287,50298.8
MH,2023,1,P2P,572326605,175275.26
MH,2023,1,Bills,139414546,10482.83
MH,2023,1,Finance,667987,76.31
MH,2023,1,Others,1280074,95.4
UP,2023,1,Merchant,520911142,32361.46
UP,2023,1,P2P,383752815,124601.0
UP,2023,1,Bills,96225086,6610.14
UP,2023,1,Finance,486982,48.39
UP,2023,1,Others,1181697,72.63
BR,2023,1,Merchant,251601655,17505.33
BR,2023,1,P2P,245677870,83642.8
BR,2023,1,Bills,49781169,2737.22
BR,2023,1,Finance,194601,15.81
BR,2023,1,Others,575900,26.53
JH,2023,1,Merchant,126431470,7234.36
JH,2023,1,P2P,91879570,28354.85
JH,2023,1,Bills,21800176,1123.66
JH,2023,1,Finance,99366,9.77
JH,2023,1,Others,247521,14.5
OD,2023,1,Merchant,243616581,13327.86
OD,2023,1,P2P,198553747,59593.37
OD,2023,1,Bills,40372356,2441.19
OD,2023,1,Finance,127296,13.45
OD,2023,1,Others,226108,21.03
PB,2023,1,Merchant,50683710,3746.3
PB,2023,1,P2P,33701280,12636.53
PB,2023,1,Bills,12305439,1147.9
PB,2023,1,Finance,70521,7.92
PB,2023,1,Others,149871,12.22
GA,2023,1,Merchant,14273665,907.48
GA,2023,1,P2P,8071768,2477.39
GA,2023,1,Bills,1816029,119.76
GA,2023,1,Finance,16209,3.26
GA,2023,1,Others,17399,1.8
DL,2023,1,Merchant,246682850,11605.31
DL,2023,1,P2P,135403837,46072.73
DL,2023,1,Bills,26976608,3394.52
DL,2023,1,Finance,206979,27.51
DL,2023,1,Others,482829,40.25
RJ,2023,1,Merchant,484552414,27669.31
RJ,2023,1,P2P,353301155,121686.42
RJ,2023,1,Bills,82232131,6058.31
RJ,2023,1,Finance,259195,27.45
RJ,2023,1,Others,751791,49.84
GJ,2023,1,Merchant,199359623,12342.16
GJ,2023,1,P2P,120907384,43633.79
GJ,2023,1,Bills,41649002,3757.07
GJ,2023,1,Finance,180163,20.03
GJ,2023,1,Others,415154,29.57
KL,2023,1,Merchant,84583249,4437.02
KL,2023,1,P2P,46080274,13847.79
KL,2023,1,Bills,16629085,1044.66
KL,2023,1,Finance,160843,20.14
KL,2023,1,Others,168114,14.1
KA,2023,1,Merchant,1130908170,47618.39
KA,2023,1,P2P,596731227,190884.93
KA,2023,1,Bills,115567496,8351.69
KA,2023,1,Finance,541652,82.92
KA,2023,1,Others,948644,84.79
HR,2023,1,Merchant,220693824,11424.81
HR,2023,1,P2P,128879993,44342.48
HR,2023,1,Bills,31210728,3297.84
HR,2023,1,Finance,158036,21.76
HR,2023,1,Others,375883,28.17
TS,2023,2,Merchant,977182965,42916.99
TS,2023,2,P2P,593322476,215591.83
TS,2023,2,Bills,94107914,11203.66
TS,2023,2,Finance,354045,51.78
TS,2023,2,Others,463571,50.73
TN,2023,2,Merchant,270279446,13295.26
TN,2023,2,P2P,181169979,60306.54
TN,2023,2,Bills,46387359,3978.45
TN,2023,2,Finance,273888,31.71
TN,2023,2,Others,318966,24.31
WB,2023,2,Merchant,245111000,17670.46
WB,2023,2,P2P,240347041,79705.48
WB,2023,2,Bills,58950434,3478.92
WB,2023,2,Finance,327537,31.75
WB,2023,2,Others,581674,44.9
MH,2023,2,Merchant,1289778683,56771.35
MH,2023,2,P2P,620475611,192375.27
MH,2023,2,Bills,151613474,11284.66
MH,2023,2,Finance,697164,82.11
MH,2023,2,Others,1152916,87.07
UP,2023,2,Merchant,653469610,37222.33
UP,2023,2,P2P,446787898,138982.77
UP,2023,2,Bills,109571801,7335.25
UP,2023,2,Finance,506431,56.24
UP,2023,2,Others,1074842,65.63
BR,2023,2,Merchant,330603039,21440.29
BR,2023,2,P2P,293616270,98013.97
BR,2023,2,Bills,58928748,3106.48
BR,2023,2,Finance,211722,19.04
BR,2023,2,Others,573315,24.9
JH,2023,2,Merchant,156552949,8551.04
JH,2023,2,P2P,107475200,32426.07
JH,2023,2,Bills,24866991,1220.62
JH,2023,2,Finance,101922,10.12
JH,2023,2,Others,236831,13.62
OD,2023,2,Merchant,282885225,14742.15
OD,2023,2,P2P,217285461,62526.38
OD,2023,2,Bills,44095331,2626.91
OD,2023,2,Finance,145204,18.84
OD,2023,2,Others,186608,18.92
PB,2023,2,Merchant,64565961,4155.31
PB,2023,2,P2P,39301140,14024.37
PB,2023,2,Bills,13207924,1218.37
PB,2023,2,Finance,76961,9.53
PB,2023,2,Others,138303,10.57
GA,2023,2,Merchant,15990744,1014.6
GA,2023,2,P2P,8589659,2698.53
GA,2023,2,Bills,1917200,123.98
GA,2023,2,Finance,17352,2.51
GA,2023,2,Others,15635,1.6
DL,2023,2,Merchant,300493650,12692.79
DL,2023,2,P2P,151909146,49887.9
DL,2023,2,Bills,29059235,3525.12
DL,2023,2,Finance,219538,30.24
DL,2023,2,Others,457429,36.79
RJ,2023,2,Merchant,592487449,31048.78
RJ,2023,2,P2P,389865502,132145.72
RJ,2023,2,Bills,90082184,6572.06
RJ,2023,2,Finance,289948,32.88
RJ,2023,2,Others,734255,46.11
GJ,2023,2,Merchant,239396654,13525.67
GJ,2023,2,P2P,132035120,47015.09
GJ,2023,2,Bills,44902296,3950.61
GJ,2023,2,Finance,191053,22.51
GJ,2023,2,Others,397430,26.84
KL,2023,2,Merchant,90195971,4922.03
KL,2023,2,P2P,48068911,14655.81
KL,2023,2,Bills,17613119,1170.29
KL,2023,2,Finance,162540,19.3
KL,2023,2,Others,130076,12.23
KA,2023,2,Merchant,1282439025,55394.72
KA,2023,2,P2P,655334370,213166.16
KA,2023,2,Bills,128708109,9035.28
KA,2023,2,Finance,564180,87.02
KA,2023,2,Others,821842,76.73
HR,2023,2,Merchant,275974807,13013.38
HR,2023,2,P2P,147382711,49583.49
HR,2023,2,Bills,33655091,3526.27
HR,2023,2,Finance,172309,25.92
HR,2023,2,Others,351272,25.16
TS,2023,3,Merchant,1128208049,48055.3
TS,2023,3,P2P,647331506,227218.49
TS,2023,3,Bills,98661838,11631.97
TS,2023,3,Finance,420147,66.68
TS,2023,3,Others,424384,47.85
TN,2023,3,Merchant,309648502,14748.1
TN,2023,3,P2P,198678217,64162.42
TN,2023,3,Bills,47138716,4339.84
TN,2023,3,Finance,320645,37.3
TN,2023,3,Others,298928,22.86
WB,2023,3,Merchant,296965002,20044.04
WB,2023,3,P2P,271150280,83105.01
WB,2023,3,Bills,63055684,3920.99
WB,2023,3,Finance,389751,42.5
WB,2023,3,Others,532474,42.33
MH,2023,3,Merchant,1442968360,62315.62
MH,2023,3,P2P,689021709,200614.84
MH,2023,3,Bills,156785138,12094.8
MH,2023,3,Finance,824436,108.85
MH,2023,3,Others,1078944,83.11
UP,2023,3,Merchant,754249074,38928.84
UP,2023,3,P2P,488395790,139408.58
UP,2023,3,Bills,110408404,7698.19
UP,2023,3,Finance,624941,79.86
UP,2023,3,Others,944257,59.37
BR,2023,3,Merchant,361940401,20664.82
BR,2023,3,P2P,311779356,90844.63
BR,2023,3,Bills,59732275,3256.55
BR,2023,3,Finance,270376,27.78
BR,2023,3,Others,516343,21.55
JH,2023,3,Merchant,176986470,8785.03
JH,2023,3,P2P,116215262,31738.51
JH,2023,3,Bills,24694215,1285.79
JH,2023,3,Finance,126439,16.66
JH,2023,3,Others,215040,12.45
OD,2023,3,Merchant,337194096,16018.27
OD,2023,3,P2P,239288791,65161.99
OD,2023,3,Bills,45575270,2805.28
OD,2023,3,Finance,174288,27.2
OD,2023,3,Others,165158,17.09
PB,2023,3,Merchant,74881815,4656.52
PB,2023,3,P2P,43379354,14528.64
PB,2023,3,Bills,13684178,1314.97
PB,2023,3,Finance,92473,12.94
PB,2023,3,Others,123361,9.49
GA,2023,3,Merchant,16565190,1036.59
GA,2023,3,P2P,8489945,2573.55
GA,2023,3,Bills,1913363,123.47
GA,2023,3,Finance,17422,2.63
GA,2023,3,Others,13808,1.29
DL,2023,3,Merchant,347213404,14377.23
DL,2023,3,P2P,167791074,52370.15
DL,2023,3,Bills,31015600,3992.54
DL,2023,3,Finance,275512,44.0
DL,2023,3,Others,411393,36.0
RJ,2023,3,Merchant,704324393,34179.99
RJ,2023,3,P2P,438800339,138597.69
RJ,2023,3,Bills,93085762,7154.07
RJ,2023,3,Finance,359675,48.4
RJ,2023,3,Others,661998,42.4
GJ,2023,3,Merchant,279651861,15559.72
GJ,2023,3,P2P,151754885,50823.69
GJ,2023,3,Bills,47284770,4334.29
GJ,2023,3,Finance,246300,31.14
GJ,2023,3,Others,365774,24.87
KL,2023,3,Merchant,100971920,5439.59
KL,2023,3,P2P,51765006,15333.4
KL,2023,3,Bills,17617414,1224.74
KL,2023,3,Finance,186185,24.33
KL,2023,3,Others,118126,11.2
KA,2023,3,Merchant,1502087676,62026.11
KA,2023,3,P2P,733741628,226734.26
KA,2023,3,Bills,131971913,9642.88
KA,2023,3,Finance,680721,111.76
KA,2023,3,Others,780364,73.09
HR,2023,3,Merchant,310148821,14091.74
HR,2023,3,P2P,156760079,49855.6
HR,2023,3,Bills,34105227,3749.04
HR,2023,3,Finance,198713,30.46
HR,2023,3,Others,306638,22.36
TS,2023,4,Merchant,1225132365,53273.74
TS,2023,4,P2P,695789540,245341.92
TS,2023,4,Bills,99012602,12903.66
TS,2023,4,Finance,483067,73.46
TS,2023,4,Others,404604,48.97
TN,2023,4,Merchant,336838248,16277.61
TN,2023,4,P2P,208592985,66252.24
TN,2023,4,Bills,47390155,4692.33
TN,2023,4,Finance,381269,42.19
TN,2023,4,Others,278724,22.7
WB,2023,4,Merchant,354067997,23907.38
WB,2023,4,P2P,317959249,96413.85
WB,2023,4,Bills,64920775,4531.94
WB,2023,4,Finance,480740,45.9
WB,2023,4,Others,524477,40.42
MH,2023,4,Merchant,1646497204,70786.27
MH,2023,4,P2P,767517612,225410.42
MH,2023,4,Bills,155965094,13382.18
MH,2023,4,Finance,1025481,136.27
MH,2023,4,Others,1157334,86.36
UP,2023,4,Merchant,875617035,48974.66
UP,2023,4,P2P,575043255,167766.17
UP,2023,4,Bills,114346855,8848.18
UP,2023,4,Finance,736922,95.01
UP,2023,4,Others,961315,60.09
BR,2023,4,Merchant,466122317,27362.67
BR,2023,4,P2P,394813298,112144.26
BR,2023,4,Bills,62582448,3909.5
BR,2023,4,Finance,333579,34.26
BR,2023,4,Others,575632,22.89
JH,2023,4,Merchant,210139266,10790.23
JH,2023,4,P2P,138921302,37578.21
JH,2023,4,Bills,25084140,1470.02
JH,2023,4,Finance,157092,20.71
JH,2023,4,Others,236562,12.85
OD,2023,4,Merchant,401974050,19270.61
OD,2023,4,P2P,282995042,75372.4
OD,2023,4,Bills,46794630,3190.95
OD,2023,4,Finance,219343,29.52
OD,2023,4,Others,154411,15.72
PB,2023,4,Merchant,81248644,5462.06
PB,2023,4,P2P,47365190,16182.51
PB,2023,4,Bills,13392115,1444.55
PB,2023,4,Finance,102014,15.7
PB,2023,4,Others,121032,9.13
GA,2023,4,Merchant,21003656,1247.87
GA,2023,4,P2P,10430430,3034.26
GA,2023,4,Bills,1991324,141.31
GA,2023,4,Finance,20827,3.81
GA,2023,4,Others,14741,1.52
DL,2023,4,Merchant,381250463,16876.65
DL,2023,4,P2P,185276322,58813.12
DL,2023,4,Bills,30903762,4188.94
DL,2023,4,Finance,317005,50.14
DL,2023,4,Others,403194,36.13
RJ,2023,4,Merchant,766981185,39687.31
RJ,2023,4,P2P,484250991,158715.71
RJ,2023,4,Bills,97092812,8134.82
RJ,2023,4,Finance,443168,57.04
RJ,2023,4,Others,703998,43.07
GJ,2023,4,Merchant,319459808,17956.0
GJ,2023,4,P2P,166959749,56713.6
GJ,2023,4,Bills,47046378,4778.69
GJ,2023,4,Finance,271611,34.97
GJ,2023,4,Others,378032,25.46
KL,2023,4,Merchant,108137761,5518.07
KL,2023,4,P2P,54694399,15636.12
KL,2023,4,Bills,16678550,1307.4
KL,2023,4,Finance,225961,27.01
KL,2023,4,Others,106422,9.92
KA,2023,4,Merchant,1631321006,67768.62
KA,2023,4,P2P,796407425,245691.28
KA,2023,4,Bills,135125785,10479.38
KA,2023,4,Finance,807597,126.63
KA,2023,4,Others,772351,71.74
HR,2023,4,Merchant,343440148,16769.56
HR,2023,4,P2P,175429519,57146.68
HR,2023,4,Bills,35320482,4251.43
HR,2023,4,Finance,238826,37.14
HR,2023,4,Others,319258,22.24
TS,2024,1,Merchant,1341371332,55420.78
TS,2024,1,P2P,735409951,251693.06
TS,2024,1,Bills,101670893,13128.44
TS,2024,1,Finance,494360,86.12
TS,2024,1,Others,438771,48.53
TN,2024,1,Merchant,372666269,17404.0
TN,2024,1,P2P,219277542,68907.99
TN,2024,1,Bills,47746915,5002.42
TN,2024,1,Finance,374620,49.6
TN,2024,1,Others,261851,22.11
WB,2024,1,Merchant,407607197,27321.37
WB,2024,1,P2P,355646156,110074.41
WB,2024,1,Bills,72216060,4716.19
WB,2024,1,Finance,451008,53.07
WB,2024,1,Others,488166,37.5
MH,2024,1,Merchant,1821471481,75404.45
MH,2024,1,P2P,843766518,247299.38
MH,2024,1,Bills,168431872,14345.31
MH,2024,1,Finance,1024838,157.71
MH,2024,1,Others,1075772,83.04
UP,2024,1,Merchant,999820226,54158.52
UP,2024,1,P2P,651752866,183604.88
UP,2024,1,Bills,132055620,9801.26
UP,2024,1,Finance,705575,119.27
UP,2024,1,Others,962661,70.38
BR,2024,1,Merchant,548896156,31666.26
BR,2024,1,P2P,456038110,127520.52
BR,2024,1,Bills,73038449,4524.36
BR,2024,1,Finance,295689,41.17
BR,2024,1,Others,466379,21.37
JH,2024,1,Merchant,240943119,12297.36
JH,2024,1,P2P,157370906,42004.04
JH,2024,1,Bills,28096898,1634.17
JH,2024,1,Finance,146719,24.97
JH,2024,1,Others,201453,11.48
OD,2024,1,Merchant,480958823,22972.3
OD,2024,1,P2P,327868990,89045.5
OD,2024,1,Bills,54984697,3574.09
OD,2024,1,Finance,206264,31.74
OD,2024,1,Others,159678,15.24
PB,2024,1,Merchant,82004146,5442.46
PB,2024,1,P2P,46824100,15422.38
PB,2024,1,Bills,13489430,1437.28
PB,2024,1,Finance,99631,17.81
PB,2024,1,Others,119872,10.42
GA,2024,1,Merchant,22163645,1273.63
GA,2024,1,P2P,10729197,3109.95
GA,2024,1,Bills,2087441,146.59
GA,2024,1,Finance,20782,3.72
GA,2024,1,Others,12922,1.3
DL,2024,1,Merchant,419098312,18339.03
DL,2024,1,P2P,197330105,60444.59
DL,2024,1,Bills,33501160,4359.58
DL,2024,1,Finance,319041,60.62
DL,2024,1,Others,485440,47.58
RJ,2024,1,Merchant,919893321,46197.63
RJ,2024,1,P2P,566762679,179724.94
RJ,2024,1,Bills,111655206,9003.3
RJ,2024,1,Finance,475140,77.06
RJ,2024,1,Others,687661,47.08
GJ,2024,1,Merchant,366409312,20168.25
GJ,2024,1,P2P,187792836,61845.38
GJ,2024,1,Bills,51744007,5081.37
GJ,2024,1,Finance,273979,39.83
GJ,2024,1,Others,356537,27.13
KL,2024,1,Merchant,110514883,5633.63
KL,2024,1,P2P,54327957,15629.69
KL,2024,1,Bills,16331869,1408.51
KL,2024,1,Finance,200007,27.94
KL,2024,1,Others,89250,8.03
KA,2024,1,Merchant,1799287261,73164.38
KA,2024,1,P2P,854761954,264188.71
KA,2024,1,Bills,140813576,10955.14
KA,2024,1,Finance,829562,147.59
KA,2024,1,Others,746802,69.05
HR,2024,1,Merchant,376661558,17798.75
HR,2024,1,P2P,187967904,58373.59
HR,2024,1,Bills,39068051,4429.52
HR,2024,1,Finance,256222,47.73
HR,2024,1,Others,339765,29.24
TS,2024,2,Merchant,1526789940,63284.41
TS,2024,2,P2P,782892642,269630.4
TS,2024,2,Bills,106504222,13076.5
TS,2024,2,Finance,612770,107.46
TS,2024,2,Others,464783,55.47
TN,2024,2,Merchant,421976763,19716.53
TN,2024,2,P2P,232946490,73572.09
TN,2024,2,Bills,49473659,5137.85
TN,2024,2,Finance,423814,61.04
TN,2024,2,Others,262960,27.61
WB,2024,2,Merchant,505063040,31299.78
WB,2024,2,P2P,393935166,118204.41
WB,2024,2,Bills,80431842,5118.64
WB,2024,2,Finance,545945,68.31
WB,2024,2,Others,504714,43.25
MH,2024,2,Merchant,2008664821,83204.43
MH,2024,2,P2P,879509986,259619.62
MH,2024,2,Bills,173148051,14215.05
MH,2024,2,Finance,1111574,182.33
MH,2024,2,Others,1060370,97.51
UP,2024,2,Merchant,1255823323,63343.8
UP,2024,2,P2P,734688684,196437.95
UP,2024,2,Bills,143138259,10398.17
UP,2024,2,Finance,858026,140.67
UP,2024,2,Others,1030366,101.74
BR,2024,2,Merchant,703589936,38547.97
BR,2024,2,P2P,529387475,145239.0
BR,2024,2,Bills,80054155,4820.69
BR,2024,2,Finance,386397,52.31
BR,2024,2,Others,470422,24.68
JH,2024,2,Merchant,292972037,14391.29
JH,2024,2,P2P,175846356,45880.53
JH,2024,2,Bills,30493851,1700.0
JH,2024,2,Finance,173960,26.97
JH,2024,2,Others,199667,12.81
OD,2024,2,Merchant,543560945,24606.35
OD,2024,2,P2P,342157122,88167.09
OD,2024,2,Bills,57872828,3647.23
OD,2024,2,Finance,259583,47.6
OD,2024,2,Others,177257,15.66
PB,2024,2,Merchant,104440898,6210.06
PB,2024,2,P2P,53315081,16746.5
PB,2024,2,Bills,13930343,1450.73
PB,2024,2,Finance,118746,20.74
PB,2024,2,Others,141069,15.47
GA,2024,2,Merchant,23908901,1382.16
GA,2024,2,P2P,10933835,3215.55
GA,2024,2,Bills,2120776,142.0
GA,2024,2,Finance,24891,4.19
GA,2024,2,Others,12403,1.6
DL,2024,2,Merchant,519857504,20892.89
DL,2024,2,P2P,221272475,64114.74
DL,2024,2,Bills,35429237,4531.83
DL,2024,2,Finance,376570,74.33
DL,2024,2,Others,604614,77.97
RJ,2024,2,Merchant,1096672010,52328.23
RJ,2024,2,P2P,603947443,187964.34
RJ,2024,2,Bills,116905611,9267.53
RJ,2024,2,Finance,580197,90.05
RJ,2024,2,Others,749845,59.29
GJ,2024,2,Merchant,437221639,22244.95
GJ,2024,2,P2P,199501081,63816.31
GJ,2024,2,Bills,52968092,4917.89
GJ,2024,2,Finance,320563,45.97
GJ,2024,2,Others,383778,37.38
KL,2024,2,Merchant,121221009,6370.24
KL,2024,2,P2P,56642113,16360.1
KL,2024,2,Bills,16678867,1426.14
KL,2024,2,Finance,243874,34.46
KL,2024,2,Others,86604,9.43
KA,2024,2,Merchant,1981595688,83483.11
KA,2024,2,P2P,911150664,283542.36
KA,2024,2,Bills,147578134,11215.09
KA,2024,2,Finance,951013,183.24
KA,2024,2,Others,737349,79.68
HR,2024,2,Merchant,482530215,21139.62
HR,2024,2,P2P,214457734,64741.15
HR,2024,2,Bills,40862353,4558.18
HR,2024,2,Finance,304547,60.07
HR,2024,2,Others,399076,45.43
TS,2024,3,Merchant,1664638136,68420.07
TS,2024,3,P2P,841546198,274060.23
TS,2024,3,Bills,102792228,12473.46
TS,2024,3,Finance,714030,126.36
TS,2024,3,Others,447243,51.59
TN,2024,3,Merchant,465377405,21190.37
TN,2024,3,P2P,261706244,78432.76
TN,2024,3,Bills,50701926,5358.98
TN,2024,3,Finance,499913,64.18
TN,2024,3,Others,251213,31.66
WB,2024,3,Merchant,568524147,34181.04
WB,2024,3,P2P,436521674,120875.06
WB,2024,3,Bills,78735491,5579.8
WB,2024,3,Finance,690027,81.64
WB,2024,3,Others,445106,46.84
MH,2024,3,Merchant,2136665237,87505.74
MH,2024,3,P2P,971212505,265956.24
MH,2024,3,Bills,177213655,14937.29
MH,2024,3,Finance,1413867,225.45
MH,2024,3,Others,898731,102.16
UP,2024,3,Merchant,1363617969,65162.89
UP,2024,3,P2P,784039367,195195.39
UP,2024,3,Bills,136431456,11113.85
UP,2024,3,Finance,1043768,177.7
UP,2024,3,Others,823273,97.69
BR,2024,3,Merchant,730368233,37078.87
BR,2024,3,P2P,547897786,135825.31
BR,2024,3,Bills,73819834,5038.21
BR,2024,3,Finance,458793,63.1
BR,2024,3,Others,331577,22.56
JH,2024,3,Merchant,308078784,14401.28
JH,2024,3,P2P,185983240,44731.67
JH,2024,3,Bills,28125714,1810.94
JH,2024,3,Finance,227984,35.43
JH,2024,3,Others,160161,11.63
OD,2024,3,Merchant,594398252,25404.78
OD,2024,3,P2P,372445745,88461.01
OD,2024,3,Bills,56600977,3786.94
OD,2024,3,Finance,306057,54.28
OD,2024,3,Others,189318,16.39
PB,2024,3,Merchant,114061023,6631.71
PB,2024,3,P2P,58974111,17391.38
PB,2024,3,Bills,14254453,1545.86
PB,2024,3,Finance,146791,25.92
PB,2024,3,Others,118342,16.75
GA,2024,3,Merchant,23789645,1366.38
GA,2024,3,P2P,10858222,3076.14
GA,2024,3,Bills,2070465,142.36
GA,2024,3,Finance,32037,5.11
GA,2024,3,Others,11742,1.36
DL,2024,3,Merchant,564668341,23103.26
DL,2024,3,P2P,242786329,67292.24
DL,2024,3,Bills,36462771,5250.5
DL,2024,3,Finance,463025,93.64
DL,2024,3,Others,464057,80.69
RJ,2024,3,Merchant,1180358044,53937.29
RJ,2024,3,P2P,638917092,182989.09
RJ,2024,3,Bills,114791455,10131.34
RJ,2024,3,Finance,740449,113.58
RJ,2024,3,Others,597995,54.47
GJ,2024,3,Merchant,476512894,23897.87
GJ,2024,3,P2P,225649266,67190.71
GJ,2024,3,Bills,54584624,5177.5
GJ,2024,3,Finance,384648,51.45
GJ,2024,3,Others,309818,37.61
KL,2024,3,Merchant,133203180,6931.8
KL,2024,3,P2P,64012538,17458.96
KL,2024,3,Bills,17076750,1387.24
KL,2024,3,Finance,307546,40.84
KL,2024,3,Others,95444,11.37
KA,2024,3,Merchant,2128123870,87267.17
KA,2024,3,P2P,985664231,291444.67
KA,2024,3,Bills,145576983,11704.27
KA,2024,3,Finance,1113824,218.44
KA,2024,3,Others,655187,85.71
HR,2024,3,Merchant,521289709,22412.24
HR,2024,3,P2P,231461545,64865.05
HR,2024,3,Bills,41502651,4924.47
HR,2024,3,Finance,361554,71.26
HR,2024,3,Others,324761,47.65
TS,2024,4,Merchant,1807552234,74660.73
TS,2024,4,P2P,905771898,297837.93
TS,2024,4,Bills,106373063,13202.77
TS,2024,4,Finance,2272332,139.13
TS,2024,4,Others,482076,64.5
TN,2024,4,Merchant,495976852,22567.15
TN,2024,4,P2P,272513152,80764.29
TN,2024,4,Bills,50037730,5324.2
TN,2024,4,Finance,1645600,71.57
TN,2024,4,Others,250554,36.08
WB,2024,4,Merchant,655100809,38928.62
WB,2024,4,P2P,493217788,136192.71
WB,2024,4,Bills,76043195,5753.41
WB,2024,4,Finance,2352084,84.73
WB,2024,4,Others,421806,50.54
MH,2024,4,Merchant,2393917535,100930.21
MH,2024,4,P2P,1061923073,298873.9
MH,2024,4,Bills,173698536,14945.56
MH,2024,4,Finance,3784218,234.97
MH,2024,4,Others,908477,118.2
UP,2024,4,Merchant,1526062566,78837.71
UP,2024,4,P2P,880161951,230569.83
UP,2024,4,Bills,134632683,11718.66
UP,2024,4,Finance,3239088,175.88
UP,2024,4,Others,793977,108.58
BR,2024,4,Merchant,843136457,45125.73
BR,2024,4,P2P,641971705,159203.82
BR,2024,4,Bills,72565377,5463.81
BR,2024,4,Finance,1670253,71.41
BR,2024,4,Others,323883,27.97
JH,2024,4,Merchant,346886286,16814.05
JH,2024,4,P2P,211165735,51614.98
JH,2024,4,Bills,28025030,1920.7
JH,2024,4,Finance,670523,37.76
JH,2024,4,Others,157112,13.56
OD,2024,4,Merchant,666763461,28692.41
OD,2024,4,P2P,418408615,97889.34
OD,2024,4,Bills,56768341,3892.52
OD,2024,4,Finance,971394,53.68
OD,2024,4,Others,185757,17.81
PB,2024,4,Merchant,120801535,7635.56
PB,2024,4,P2P,64087805,19706.7
PB,2024,4,Bills,14140889,1529.54
PB,2024,4,Finance,367578,22.49
PB,2024,4,Others,111413,18.28
GA,2024,4,Merchant,30381117,1721.69
GA,2024,4,P2P,13499590,3772.05
GA,2024,4,Bills,2166016,154.84
GA,2024,4,Finance,71254,5.55
GA,2024,4,Others,13559,2.13
DL,2024,4,Merchant,612111214,26116.72
DL,2024,4,P2P,261559240,74587.44
DL,2024,4,Bills,35326994,4822.47
DL,2024,4,Finance,1115510,93.28
DL,2024,4,Others,430124,86.14
RJ,2024,4,Merchant,1255692535,61242.67
RJ,2024,4,P2P,672419613,207354.64
RJ,2024,4,Bills,112704437,10531.24
RJ,2024,4,Finance,2077251,115.47
RJ,2024,4,Others,575711,60.91
GJ,2024,4,Merchant,530043047,27105.28
GJ,2024,4,P2P,244109941,75088.08
GJ,2024,4,Bills,51838504,5310.26
GJ,2024,4,Finance,1091610,55.8
GJ,2024,4,Others,291864,42.03
KL,2024,4,Merchant,145653590,7234.69
KL,2024,4,P2P,69815574,18696.52
KL,2024,4,Bills,16537561,1374.71
KL,2024,4,Finance,1014940,46.78
KL,2024,4,Others,90776,11.29
KA,2024,4,Merchant,2266169258,93505.29
KA,2024,4,P2P,1039723999,309566.63
KA,2024,4,Bills,145556961,11791.16
KA,2024,4,Finance,2955462,223.14
KA,2024,4,Others,650744,95.75
HR,2024,4,Merchant,554528337,25612.09
HR,2024,4,P2P,244665075,72461.75
HR,2024,4,Bills,40983335,4997.43
HR,2024,4,Finance,906666,71.78
HR,2024,4,Others,310877,52.89
